,palette_number,page_number,likes,date_posted,block1,block2,block3,block4,block5,block6
0,23271,1,1,40 minutes ago,spruce_log,andesite,dark_oak_planks,spruce_planks,redstone_lamp,cobblestone
1,23270,1,2,3 hours ago,deepslate_tiles,stone_bricks,mossy_stone_bricks,cracked_deepslate_tiles,cracked_stone_bricks,azalea_leaves
2,23269,1,1,6 hours ago,andesite,stone,stone_bricks,tuff,cobbled_deepslate,deepslate_bricks
3,23268,1,2,6 hours ago,amethyst_block,deepslate_bricks,oak_planks,oak_leaves,calcite,stripped_oak_log
4,23267,1,2,8 hours ago,flowering_azalea_leaves,magenta_concrete,magenta_concrete_powder,stripped_birch_log,magenta_glazed_terracotta,birch_planks
5,23266,1,3,11 hours ago,moss_block,dark_oak_planks,stripped_dark_oak_log,oxidized_copper,honeycomb_block,dark_oak_leaves
6,23265,1,2,13 hours ago,blue_concrete_powder,stone_bricks,deepslate_bricks,black_stained_glass,smooth_stone,blue_glazed_terracotta
7,23264,1,2,14 hours ago,stone,andesite,cobblestone,deepslate_bricks,white_concrete,polished_deepslate
8,23263,1,1,14 hours ago,oak_planks,jungle_planks,stripped_dark_oak_log,stripped_spruce_log,dark_oak_planks,deepslate_tiles
9,23262,1,1,15 hours ago,spruce_log,spruce_planks,deepslate_tiles,deepslate_bricks,stripped_warped_stem,stone_bricks
10,23261,1,4,17 hours ago,mossy_cobblestone,tuff,bricks,moss_block,flowering_azalea_leaves,polished_granite
11,23260,1,4,17 hours ago,dark_oak_planks,brown_glazed_terracotta,jungle_planks,brown_stained_glass,cyan_concrete,cyan_stained_glass
12,23259,1,0,20 hours ago,amethyst_block,quartz_bricks,smooth_sandstone,quartz_pillar,white_stained_glass,dark_oak_planks
13,23258,1,0,1 day ago,exposed_copper,granite,dripstone_block,acacia_planks,quartz_block,black_stained_glass
14,23257,1,4,1 day ago,jungle_planks,dripstone_block,granite,deepslate_tiles,oak_log,cobbled_deepslate
15,23256,1,5,1 day ago,spruce_planks,moss_block,stripped_dark_oak_log,mossy_cobblestone,stone_bricks,barrel
16,23255,1,2,1 day ago,amethyst_block,purpur_pillar,crimson_planks,basalt,polished_blackstone_bricks,obsidian
17,23254,1,1,1 day ago,blackstone,polished_blackstone_bricks,blue_terracotta,deepslate,deepslate_bricks,purple_stained_glass
18,23253,1,0,1 day ago,light_blue_concrete,stripped_warped_stem,oxidized_copper,yellow_concrete,gold_block,yellow_wool
19,23252,1,2,1 day ago,obsidian,redstone_ore,red_nether_bricks,crimson_stem,redstone_block,cracked_nether_bricks
20,23251,1,3,1 day ago,stone,andesite,cobblestone,diorite,light_gray_wool,light_gray_concrete_powder
21,23250,2,2,1 day ago,mushroom_stem,stripped_dark_oak_log,moss_block,andesite,birch_planks,pumpkin
22,23249,2,6,1 day ago,mossy_cobblestone,moss_block,azalea_leaves,cobblestone,andesite,stone
23,23248,2,4,2 days ago,yellow_terracotta,honeycomb_block,spruce_planks,light_blue_terracotta,barrel,dark_oak_log
24,23247,2,4,2 days ago,smooth_sandstone,stripped_warped_stem,stone_bricks,stripped_spruce_log,spruce_planks,spruce_log
25,23246,2,2,2 days ago,oak_log,azalea_leaves,spruce_planks,oak_leaves,oak_planks,flowering_azalea_leaves
26,23245,2,2,2 days ago,end_stone,raw_copper_block,bricks,light_blue_terracotta,oxidized_copper,pink_terracotta
27,23244,2,3,2 days ago,warped_planks,stripped_spruce_log,flowering_azalea_leaves,stripped_oak_log,mossy_stone_bricks,barrel
28,23243,2,2,2 days ago,stripped_warped_stem,warped_planks,quartz_block,dark_oak_log,spruce_planks,honeycomb_block
29,23242,2,3,2 days ago,oak_planks,white_stained_glass,azalea_leaves,bricks,white_terracotta,stripped_oak_log
30,23241,2,12,2 days ago,yellow_glazed_terracotta,spruce_planks,stripped_spruce_log,oak_planks,yellow_terracotta,barrel
31,23240,2,2,2 days ago,white_terracotta,dark_oak_planks,stripped_crimson_stem,brown_mushroom_block,gold_block,crimson_planks
32,23239,2,2,2 days ago,cut_sandstone,chiseled_sandstone,chiseled_quartz_block,cut_red_sandstone,chiseled_red_sandstone,quartz_bricks
33,23238,2,6,2 days ago,deepslate_bricks,mossy_stone_bricks,chiseled_stone_bricks,cobbled_deepslate,dark_oak_log,lime_stained_glass
34,23237,2,11,3 days ago,mossy_cobblestone,spruce_log,green_terracotta,andesite,moss_block,jungle_log
35,23236,2,2,3 days ago,end_stone,bricks,warped_planks,oxidized_copper,purpur_block,pink_terracotta
36,23235,2,2,3 days ago,black_concrete_powder,blackstone,bone_block,blast_furnace,cobbled_deepslate,calcite
37,23234,2,1,3 days ago,mossy_cobblestone,jungle_log,jungle_planks,exposed_cut_copper,quartz_pillar,stripped_jungle_log
38,23233,2,3,3 days ago,prismarine,dark_prismarine,warped_planks,warped_wart_block,stripped_warped_stem,prismarine_bricks
39,23232,2,0,3 days ago,jungle_log,brown_mushroom_block,crimson_planks,polished_blackstone_bricks,warped_stem,lime_terracotta
40,23231,2,10,3 days ago,sandstone,smooth_sandstone,red_mushroom_block,stripped_spruce_log,spruce_planks,white_wool
41,23230,2,5,3 days ago,acacia_leaves,lime_terracotta,green_concrete,composter,mossy_stone_bricks,deepslate
42,23229,3,1,4 days ago,ancient_debris,soul_soil,jungle_planks,nether_bricks,loom,bone_block
43,23228,3,0,4 days ago,jungle_leaves,white_terracotta,warped_planks,bricks,jungle_planks,white_stained_glass
44,23227,3,2,4 days ago,nether_bricks,cobbled_deepslate,warped_stem,shroomlight,polished_deepslate,purple_terracotta
45,23226,3,11,4 days ago,moss_block,red_mushroom_block,spruce_log,stone_bricks,mossy_stone_bricks,dark_oak_planks
46,23225,3,0,4 days ago,stripped_acacia_log,gold_block,oxidized_cut_copper,quartz_block,dark_oak_planks,quartz_bricks
47,23224,3,3,4 days ago,amethyst_block,raw_gold_block,dead_tube_coral_block,purple_stained_glass,yellow_terracotta,polished_diorite
48,23223,3,4,4 days ago,stripped_acacia_log,copper_block,exposed_copper,weathered_copper,oxidized_copper,stripped_warped_stem
49,23222,3,3,4 days ago,calcite,bricks,terracotta,oak_log,stripped_oak_log,quartz_block
50,23221,3,6,4 days ago,barrel,spruce_planks,azalea_leaves,shroomlight,moss_block,yellow_terracotta
51,23220,3,3,4 days ago,flowering_azalea_leaves,pink_concrete,pink_terracotta,quartz_block,dark_oak_log,white_stained_glass
52,23219,3,1,4 days ago,stone_bricks,birch_planks,stripped_birch_log,spruce_planks,moss_block,oak_leaves
53,23218,3,1,4 days ago,stone_bricks,birch_planks,stripped_birch_log,granite,bricks,spruce_planks
54,23217,3,5,4 days ago,deepslate_bricks,oxidized_copper,polished_deepslate,warped_stem,deepslate_tiles,warped_planks
55,23216,3,0,4 days ago,oxidized_cut_copper,gold_block,stripped_acacia_log,quartz_block,shroomlight,quartz_bricks
56,23215,3,3,4 days ago,prismarine_bricks,white_stained_glass,prismarine,sand,sea_lantern,quartz_pillar
57,23214,3,1,4 days ago,dark_prismarine,prismarine_bricks,chiseled_sandstone,stone,polished_andesite,chiseled_stone_bricks
58,23213,3,0,4 days ago,amethyst_block,cyan_concrete_powder,cut_sandstone,shroomlight,smooth_sandstone,warped_stem
59,23212,3,5,4 days ago,spruce_log,spruce_planks,stone_bricks,mossy_stone_bricks,black_stained_glass,redstone_lamp
60,23211,3,3,4 days ago,end_stone_bricks,warped_planks,purpur_block,chorus_plant,purple_stained_glass,sandstone
61,23210,3,1,4 days ago,sandstone,smooth_sandstone,stripped_birch_log,chiseled_sandstone,stripped_oak_log,brown_mushroom_block
62,23209,3,1,5 days ago,calcite,redstone_lamp,bricks,oak_log,stripped_oak_log,terracotta
63,23208,4,1,5 days ago,polished_andesite,oak_planks,stripped_oak_log,stone,light_blue_concrete_powder,light_blue_concrete
64,23207,4,0,5 days ago,acacia_planks,dark_oak_planks,stripped_spruce_log,smooth_sandstone,stone_bricks,gray_concrete
65,23206,4,0,5 days ago,oak_log,birch_planks,spruce_leaves,pink_wool,stone_bricks,glass
66,23205,4,5,5 days ago,stripped_crimson_stem,purple_terracotta,magenta_terracotta,black_concrete_powder,blackstone,deepslate_tiles
67,23204,4,1,5 days ago,spruce_log,stripped_dark_oak_log,dark_oak_planks,calcite,tuff,acacia_planks
68,23203,4,0,5 days ago,terracotta,red_terracotta,blue_terracotta,gray_terracotta,orange_terracotta,spruce_planks
69,23202,4,1,5 days ago,deepslate_bricks,copper_block,polished_deepslate,crimson_stem,deepslate_tiles,crimson_planks
70,23201,4,2,5 days ago,stone_bricks,mossy_stone_bricks,cracked_stone_bricks,dark_oak_planks,sea_lantern,white_stained_glass
71,23200,4,0,5 days ago,bricks,quartz_bricks,spruce_planks,crimson_planks,birch_planks,smooth_basalt
72,23199,4,2,5 days ago,stripped_oak_log,stripped_spruce_log,stripped_dark_oak_log,white_terracotta,light_gray_terracotta,terracotta
73,23198,4,0,5 days ago,gray_glazed_terracotta,blackstone,polished_blackstone_bricks,composter,stripped_dark_oak_log,tuff
74,23197,4,0,5 days ago,sand,smooth_sandstone,stripped_spruce_log,birch_planks,sandstone,spruce_planks
75,23196,4,6,5 days ago,dark_oak_log,spruce_planks,bone_block,moss_block,green_terracotta,polished_blackstone_bricks
76,23195,4,1,5 days ago,calcite,smooth_sandstone,acacia_planks,flowering_azalea_leaves,moss_block,cut_copper
77,23194,4,0,5 days ago,yellow_terracotta,stripped_oak_log,beehive_top,yellow_concrete_powder,brown_mushroom_block,barrel
78,23193,4,1,5 days ago,warped_stem,warped_planks,weathered_copper,stripped_acacia_log,glass,cyan_wool
79,23192,4,3,5 days ago,amethyst_block,purple_stained_glass,blackstone,obsidian,stripped_birch_log,purple_glazed_terracotta
80,23191,4,3,5 days ago,azalea_leaves,magenta_terracotta,smooth_basalt,spruce_planks,stripped_crimson_stem,deepslate_bricks
81,23190,4,2,5 days ago,spruce_log,white_terracotta,spruce_planks,calcite,white_stained_glass,stone_bricks
82,23189,4,0,5 days ago,stone_bricks,polished_blackstone,deepslate_bricks,smooth_stone,polished_basalt,green_glazed_terracotta
83,23188,4,2,5 days ago,warped_stem,blue_terracotta,yellow_stained_glass,gold_block,raw_gold_block,purple_stained_glass
84,23187,5,4,5 days ago,warped_wart_block,stripped_warped_stem,cyan_wool,cyan_concrete_powder,prismarine,prismarine_bricks
85,23186,5,3,6 days ago,spruce_planks,oak_planks,bricks,stripped_spruce_log,stripped_oak_log,barrel
86,23185,5,0,6 days ago,prismarine,packed_ice,diorite,birch_log,clay,light_gray_wool
87,23184,5,0,6 days ago,stripped_birch_log,azalea_leaves,polished_granite,smooth_stone,cut_sandstone,bricks
88,23183,5,1,6 days ago,stone_bricks,azalea_leaves,white_concrete,stripped_spruce_log,diorite,spruce_planks
89,23182,5,3,6 days ago,orange_stained_glass,oak_planks,stone_bricks,red_stained_glass,oak_log,cobblestone
90,23181,5,3,6 days ago,stripped_spruce_log,dark_prismarine,stone,cobblestone,quartz_block,dark_oak_log
91,23180,5,9,6 days ago,deepslate_bricks,polished_basalt,cracked_deepslate_bricks,sea_lantern,white_stained_glass,gray_glazed_terracotta
92,23179,5,2,6 days ago,orange_terracotta,terracotta,dripstone_block,jungle_planks,acacia_planks,brown_wool
93,23178,5,1,6 days ago,nether_bricks,cobbled_deepslate,warped_stem,stripped_warped_stem,warped_planks,shroomlight
94,23177,5,0,6 days ago,cobblestone,stone,stone_bricks,andesite,tuff,cobbled_deepslate
95,23176,5,1,6 days ago,stripped_dark_oak_log,dark_oak_planks,deepslate_bricks,stripped_spruce_log,spruce_planks,deepslate_tiles
96,23175,5,1,6 days ago,birch_planks,stripped_birch_log,oak_leaves,stone_bricks,spruce_planks,stripped_spruce_log
97,23174,5,4,6 days ago,dark_oak_log,flowering_azalea_leaves,magenta_terracotta,purple_terracotta,stone_bricks,moss_block
98,23173,5,1,6 days ago,spruce_planks,stone,white_stained_glass,stripped_oak_log,andesite,shroomlight
99,23172,5,3,6 days ago,spruce_log,white_terracotta,spruce_planks,dark_oak_planks,white_stained_glass,stone_bricks
100,23171,5,3,6 days ago,honey_block,shroomlight,honeycomb_block,stripped_birch_log,yellow_terracotta,stripped_oak_log
101,23170,5,3,6 days ago,deepslate_bricks,deepslate_tiles,ice,stone,calcite,birch_log
102,23169,5,7,6 days ago,deepslate_tiles,deepslate_bricks,moss_block,dark_oak_log,dark_oak_planks,chiseled_deepslate
103,23168,5,4,6 days ago,copper_block,acacia_planks,stripped_acacia_log,polished_granite,bricks,orange_terracotta
104,23167,5,3,6 days ago,smooth_stone,light_gray_concrete_powder,light_gray_concrete,tuff,cyan_terracotta,deepslate
105,23166,6,1,6 days ago,oak_planks,dark_prismarine,red_wool,red_concrete,raw_gold_block,polished_diorite
106,23165,6,2,1 week ago,chiseled_polished_blackstone,gilded_blackstone,deepslate_tiles,raw_gold_block,nether_gold_ore,black_glazed_terracotta
107,23164,6,4,1 week ago,spruce_log,birch_planks,barrel,polished_deepslate,polished_andesite,white_stained_glass
108,23163,6,3,1 week ago,jungle_leaves,gravel,gray_concrete_powder,green_wool,green_terracotta,gray_concrete
109,23162,6,1,1 week ago,dead_brain_coral_block,cyan_terracotta,deepslate_tiles,snow,acacia_log,white_stained_glass
110,23161,6,0,1 week ago,dark_oak_planks,stripped_acacia_log,honey_block,honeycomb_block,spruce_planks,light_blue_terracotta
111,23160,6,1,1 week ago,dark_prismarine,prismarine_bricks,gold_block,sea_lantern,smooth_sandstone,birch_planks
112,23159,6,2,1 week ago,stripped_acacia_log,acacia_planks,stripped_spruce_log,stripped_oak_log,oak_planks,cut_copper
113,23158,6,9,1 week ago,spruce_log,spruce_planks,flowering_azalea_leaves,cobblestone,mossy_cobblestone,barrel
114,23157,6,1,1 week ago,warped_planks,oxidized_cut_copper,weathered_cut_copper,lime_terracotta,moss_block,dark_oak_planks
115,23156,6,2,1 week ago,dark_oak_log,prismarine,prismarine_bricks,dark_prismarine,sandstone,birch_planks
116,23155,6,1,1 week ago,red_concrete,yellow_concrete,raw_gold_block,dark_oak_planks,red_glazed_terracotta,light_blue_glazed_terracotta
117,23154,6,0,1 week ago,ice,andesite,tuff,snow,brown_mushroom_block,stripped_spruce_log
118,23153,6,0,1 week ago,end_stone_bricks,end_stone,sandstone,bricks,blackstone,orange_terracotta
119,23152,6,1,1 week ago,amethyst_block,diorite,polished_diorite,dark_oak_planks,stripped_oak_log,purple_stained_glass
120,23151,6,0,1 week ago,barrel,polished_diorite,stripped_spruce_log,birch_planks,spruce_planks,quartz_block
121,23150,6,1,1 week ago,polished_diorite,packed_ice,white_glazed_terracotta,calcite,quartz_bricks,gold_block
122,23149,6,2,1 week ago,quartz_block,cyan_terracotta,gray_concrete,quartz_pillar,smooth_stone,gray_stained_glass
123,23148,6,3,1 week ago,granite,polished_granite,bricks,sandstone,sand,smooth_sandstone
124,23147,6,3,1 week ago,white_terracotta,oak_planks,birch_planks,flowering_azalea_leaves,amethyst_block,quartz_bricks
125,23146,6,1,1 week ago,andesite,deepslate_tiles,deepslate_bricks,pink_terracotta,blue_terracotta,light_blue_terracotta
126,23145,7,0,1 week ago,birch_planks,smooth_sandstone,white_stained_glass,jungle_planks,raw_copper_block,oxidized_cut_copper
127,23144,7,1,1 week ago,barrel,raw_gold_block,honeycomb_block,stripped_spruce_log,spruce_planks,amethyst_block
128,23143,7,1,1 week ago,gold_block,end_stone,birch_planks,stripped_oak_log,purpur_block,magenta_stained_glass
129,23142,7,4,1 week ago,spruce_planks,stone_bricks,glass,spruce_log,mossy_stone_bricks,spruce_leaves
130,23141,7,2,1 week ago,bricks,spruce_log,stripped_spruce_log,polished_granite,oak_planks,spruce_planks
131,23140,7,11,1 week ago,obsidian,purple_concrete,crying_obsidian,deepslate_tiles,purple_glazed_terracotta,black_concrete_powder
132,23139,7,6,1 week ago,black_concrete_powder,blackstone,fire_coral_block,basalt,crimson_stem,redstone_lamp
133,23138,7,1,1 week ago,polished_blackstone_bricks,deepslate_bricks,cracked_polished_blackstone_bricks,redstone_block,red_concrete,magma
134,23137,7,7,1 week ago,deepslate_tiles,stripped_birch_log,spruce_log,calcite,bone_block,dark_oak_planks
135,23136,7,3,1 week ago,smooth_sandstone,stripped_spruce_log,magenta_terracotta,stripped_birch_log,mushroom_block,stripped_crimson_stem
136,23135,7,5,1 week ago,yellow_wool,yellow_concrete,yellow_terracotta,yellow_shulker_box,yellow_glazed_terracotta,honey_block
137,23134,7,0,1 week ago,light_blue_concrete,white_wool,stripped_crimson_stem,pink_concrete_powder,light_blue_stained_glass,prismarine
138,23133,7,3,1 week ago,andesite,cobblestone,spruce_planks,dark_prismarine,weathered_cut_copper,barrel
139,23132,7,3,1 week ago,warped_nylium,spruce_log,crimson_nylium_side,stone_bricks,shroomlight,deepslate_bricks
140,23131,7,1,1 week ago,red_mushroom_block,red_terracotta,moss_block,crimson_planks,dark_oak_planks,stone_bricks
141,23130,7,7,1 week ago,cracked_stone_bricks,mossy_stone_bricks,moss_block,andesite,gravel,azalea_leaves
142,23129,7,5,1 week ago,stripped_dark_oak_log,spruce_planks,copper_block,cobbled_deepslate,glass,moss_block
143,23128,7,1,1 week ago,bone_block,quartz_bricks,oxidized_cut_copper,prismarine_bricks,warped_planks,dark_prismarine
144,23127,7,10,1 week ago,spruce_log,diorite,calcite,amethyst_block,blue_terracotta,light_blue_terracotta
145,23126,7,3,1 week ago,stripped_dark_oak_log,spruce_planks,dripstone_block,quartz_block,white_terracotta,light_gray_terracotta
146,23125,7,2,1 week ago,birch_planks,red_concrete,white_wool,spruce_planks,green_concrete,black_wool
147,23124,8,3,1 week ago,purple_terracotta,purple_wool,amethyst_block,flowering_azalea_leaves,pink_wool,yellow_stained_glass
148,23123,8,3,1 week ago,spruce_log,spruce_planks,calcite,oak_planks,diorite,white_stained_glass
149,23122,8,2,1 week ago,pink_concrete,purpur_block,purple_terracotta,pink_terracotta,deepslate_bricks,polished_basalt
150,23121,8,1,1 week ago,deepslate_tiles,copper_block,furnace,cobblestone,iron_bars,terracotta
151,23120,8,0,1 week ago,cobbled_deepslate,cobblestone,bone_block,dried_kelp,warped_stem,warped_wart_block
152,23119,8,3,1 week ago,dark_prismarine,dark_oak_planks,white_concrete,black_stained_glass,dark_oak_log,warped_planks
153,23118,8,4,1 week ago,spruce_log,white_concrete,sea_lantern,dark_oak_planks,stone_bricks,flowering_azalea_leaves
154,23117,8,2,1 week ago,deepslate,deepslate_bricks,nether_bricks,crimson_planks,blackstone,dark_oak_planks
155,23116,8,5,1 week ago,calcite,spruce_planks,barrel,diorite,dark_oak_planks,spruce_log
156,23115,8,0,1 week ago,cracked_deepslate_bricks,dark_oak_planks,gold_block,dead_fire_coral_block,bookshelf,oak_leaves
157,23114,8,2,1 week ago,bricks,smithing_table,polished_blackstone_bricks,polished_granite,chiseled_nether_bricks,magma
158,23113,8,14,1 week ago,barrel,calcite,moss_block,azalea_leaves,orange_stained_glass,beehive_top
159,23112,8,1,1 week ago,cobblestone,spruce_planks,stone_bricks,dead_brain_coral_block,polished_andesite,gray_wool
160,23111,8,0,1 week ago,bricks,end_stone_bricks,oxidized_copper,flowering_azalea_leaves,polished_granite,stripped_birch_log
161,23110,8,5,1 week ago,dark_oak_planks,moss_block,clay,mossy_stone_bricks,green_glazed_terracotta,calcite
162,23109,8,1,1 week ago,polished_blackstone,chiseled_polished_blackstone,gold_block,polished_blackstone_bricks,obsidian,sea_lantern
163,23108,8,5,1 week ago,quartz_block,sea_lantern,quartz_bricks,quartz_pillar,white_stained_glass,chiseled_quartz_block
164,23107,8,3,1 week ago,white_concrete,honey_block,brown_mushroom_block,glowstone,oak_log,bee_nest
165,23106,8,0,1 week ago,red_stained_glass,polished_blackstone_bricks,chiseled_polished_blackstone,barrel,quartz_pillar,quartz_block
166,23105,8,0,1 week ago,acacia_log,white_concrete,blackstone,acacia_planks,black_concrete_powder,green_terracotta
167,23104,8,4,1 week ago,stone,andesite,cobblestone,mossy_stone_bricks,mossy_cobblestone,moss_block
168,23103,9,1,1 week ago,stripped_spruce_log,stone_bricks,white_stained_glass,moss_block,red_mushroom_block,jack_o_lantern
169,23102,9,2,1 week ago,quartz_pillar,bone_block,mushroom_stem,stone_bricks,amethyst_block,white_stained_glass
170,23101,9,29,Staff Pick,purpur_block,bookshelf,flowering_azalea_leaves,barrel,magenta_stained_glass,stone_bricks
171,23100,9,8,1 week ago,gold_block,gilded_blackstone,deepslate_tiles,chiseled_polished_blackstone,black_glazed_terracotta,red_nether_bricks
172,23099,9,6,1 week ago,calcite,deepslate_bricks,deepslate,stone_bricks,stone,smooth_basalt
173,23098,9,3,1 week ago,gold_block,blackstone,gilded_blackstone,redstone_lamp,red_terracotta,red_nether_bricks
174,23097,9,0,1 week ago,chiseled_nether_bricks,crimson_planks,prismarine,yellow_glazed_terracotta,end_stone_bricks,sea_lantern
175,23096,9,0,1 week ago,quartz_block,end_stone_bricks,amethyst_block,glass,light_blue_concrete,gilded_blackstone
176,23095,9,1,1 week ago,stripped_jungle_log,mossy_cobblestone,cobblestone,jungle_log,oak_log,granite
177,23094,9,3,1 week ago,terracotta,oxidized_cut_copper,stripped_birch_log,jungle_planks,weathered_cut_copper,dripstone_block
178,23093,9,1,1 week ago,bookshelf,stone_bricks,dark_oak_planks,spruce_planks,deepslate_tiles,shroomlight
179,23092,9,3,1 week ago,spruce_planks,cobbled_deepslate,calcite,dark_oak_log,white_concrete,stone_bricks
180,23091,9,0,1 week ago,flowering_azalea_leaves,oxidized_copper,prismarine_bricks,glowstone,moss_block,dark_prismarine
181,23090,9,2,1 week ago,shroomlight,exposed_cut_copper,stripped_jungle_log,gravel,tuff,gray_glazed_terracotta
182,23089,9,7,1 week ago,quartz_pillar,polished_deepslate,deepslate_tiles,quartz_block,deepslate_bricks,glowstone
183,23088,9,3,1 week ago,dark_prismarine,sea_lantern,stripped_oak_log,white_concrete,birch_planks,stripped_birch_log
184,23087,9,5,1 week ago,dark_prismarine,warped_planks,weathered_cut_copper,prismarine_bricks,stripped_warped_stem,shroomlight
185,23086,9,4,1 week ago,spruce_log,bricks,polished_granite,stripped_spruce_log,oak_planks,granite
186,23085,9,5,1 week ago,stripped_spruce_log,polished_andesite,cobblestone,spruce_planks,andesite,stone_bricks
187,23084,9,19,Staff Pick,dark_oak_planks,blue_terracotta,deepslate_tiles,stripped_dark_oak_log,chiseled_deepslate,deepslate_bricks
188,23083,9,4,1 week ago,dark_oak_planks,amethyst_block,flowering_azalea_leaves,polished_deepslate,honeycomb_block,deepslate_tiles
189,23082,10,2,1 week ago,acacia_log,polished_andesite,stone_bricks,smooth_stone,yellow_concrete,yellow_terracotta
190,23081,10,5,2 weeks ago,cobblestone,spruce_log,spruce_planks,oak_planks,dark_oak_planks,glass
191,23080,10,3,2 weeks ago,amethyst_block,calcite,cracked_polished_blackstone_bricks,spruce_planks,smooth_basalt,flowering_azalea_leaves
192,23079,10,10,2 weeks ago,chiseled_quartz_block,pink_glazed_terracotta,black_stained_glass,stripped_crimson_stem,mushroom_stem,pink_stained_glass
193,23078,10,3,2 weeks ago,purpur_block,acacia_planks,birch_planks,magenta_terracotta,stripped_acacia_log,stripped_birch_log
194,23077,10,7,2 weeks ago,stripped_spruce_log,jungle_planks,deepslate_bricks,barrel,stripped_jungle_log,cracked_deepslate_bricks
195,23076,10,4,2 weeks ago,spruce_log,stripped_oak_log,stripped_spruce_log,stone_bricks,oak_planks,spruce_planks
196,23075,10,2,2 weeks ago,stripped_birch_log,white_concrete_powder,stripped_spruce_log,birch_planks,moss_block,spruce_planks
197,23074,10,5,2 weeks ago,oxidized_cut_copper,warped_planks,prismarine_bricks,cut_sandstone,stripped_birch_log,shroomlight
198,23073,10,6,2 weeks ago,stripped_crimson_stem,purple_terracotta,flowering_azalea_leaves,nether_bricks,polished_blackstone_bricks,polished_diorite
199,23072,10,2,2 weeks ago,polished_blackstone_bricks,smooth_basalt,andesite,pink_terracotta,stripped_crimson_stem,purpur_block
200,23071,10,6,2 weeks ago,mossy_cobblestone,moss_block,flowering_azalea_leaves,tuff,oak_log,green_terracotta
201,23070,10,1,2 weeks ago,dark_oak_log,basalt,nether_wart_block,yellow_terracotta,jack_o_lantern,white_concrete
202,23069,10,5,2 weeks ago,barrel,mossy_cobblestone,green_terracotta,spruce_leaves,bricks,birch_log
203,23068,10,2,2 weeks ago,stripped_crimson_stem,smooth_basalt,stone_bricks,pink_terracotta,quartz_block,oak_leaves
204,23067,10,12,Staff Pick,stone_bricks,mossy_cobblestone,green_terracotta,dark_oak_log,yellow_terracotta,smooth_sandstone
205,23066,10,9,Staff Pick,light_blue_terracotta,mossy_cobblestone,spruce_planks,light_gray_terracotta,bricks,stripped_birch_log
206,23065,10,1,2 weeks ago,chorus_flower,purple_glazed_terracotta,cyan_concrete,end_stone_bricks,magenta_wool,prismarine
207,23064,10,3,2 weeks ago,stripped_birch_log,birch_planks,stripped_spruce_log,spruce_planks,calcite,moss_block
208,23063,10,9,2 weeks ago,stripped_dark_oak_log,green_terracotta,lime_terracotta,spruce_planks,mossy_stone_bricks,moss_block
209,23062,10,3,2 weeks ago,jungle_log,dark_oak_planks,oxidized_copper,stone_bricks,mossy_stone_bricks,cracked_stone_bricks
210,23061,11,2,2 weeks ago,tuff,mossy_cobblestone,dirt,brown_concrete_powder,oak_leaves,birch_leaves
211,23060,11,3,2 weeks ago,weathered_copper,jungle_planks,polished_blackstone_bricks,jungle_leaves,quartz_bricks,exposed_cut_copper
212,23059,11,2,2 weeks ago,white_stained_glass,andesite,deepslate_tiles,stripped_birch_log,warped_planks,oxidized_copper
213,23058,11,4,2 weeks ago,ice,white_stained_glass,light_blue_stained_glass,blue_stained_glass,blue_ice,snow
214,23057,11,1,2 weeks ago,bee_nest,oxidized_copper,flowering_azalea_leaves,blackstone,birch_planks,amethyst_block
215,23056,11,1,2 weeks ago,crimson_planks,red_mushroom_block,stripped_birch_log,oxidized_copper,warped_stem,flowering_azalea_leaves
216,23055,11,2,2 weeks ago,polished_blackstone_bricks,polished_blackstone,magma,quartz_block,quartz_pillar,sea_lantern
217,23054,11,2,2 weeks ago,smooth_sandstone,quartz_block,dark_oak_planks,stone_bricks,white_stained_glass,smooth_stone
218,23053,11,14,Staff Pick,quartz_pillar,spruce_leaves,cyan_terracotta,mossy_cobblestone,stripped_birch_log,cobblestone
219,23052,11,5,2 weeks ago,barrel,stripped_spruce_log,spruce_planks,white_stained_glass,moss_block,stone_bricks
220,23051,11,41,Staff Pick,warped_planks,quartz_block,deepslate_bricks,stripped_warped_stem,birch_log,gray_concrete
221,23050,11,2,2 weeks ago,deepslate_bricks,spruce_planks,stripped_spruce_log,spruce_log,calcite,stone_bricks
222,23049,11,4,2 weeks ago,barrel,oak_leaves,amethyst_block,stripped_spruce_log,stripped_dark_oak_log,magenta_terracotta
223,23048,11,3,2 weeks ago,spruce_planks,green_terracotta,deepslate_tiles,amethyst_block,moss_block,terracotta
224,23047,11,2,2 weeks ago,stripped_spruce_log,spruce_planks,dark_oak_planks,smooth_sandstone,warped_planks,stone_bricks
225,23046,11,2,2 weeks ago,stripped_birch_log,stripped_warped_stem,quartz_pillar,chiseled_quartz_block,moss_block,copper_block
226,23045,11,3,2 weeks ago,diorite,stripped_spruce_log,stripped_dark_oak_log,spruce_planks,dark_oak_planks,calcite
227,23044,11,2,2 weeks ago,dark_oak_log,mossy_cobblestone,moss_block,granite,bricks,raw_copper_block
228,23043,11,3,2 weeks ago,light_blue_concrete,white_concrete,light_blue_stained_glass,calcite,quartz_block,white_stained_glass
229,23042,11,2,2 weeks ago,acacia_log,moss_block,jungle_leaves,glass,granite,brown_wool
230,23041,11,1,2 weeks ago,oak_log,oak_planks,stone,cobblestone,andesite,moss_block
231,23040,12,1,2 weeks ago,acacia_planks,cyan_shulker_box,cracked_deepslate_bricks,gray_stained_glass,magma,gray_terracotta
232,23039,12,1,2 weeks ago,mossy_cobblestone,stripped_crimson_stem,flowering_azalea_leaves,spruce_log,spruce_planks,red_mushroom_block
233,23038,12,3,2 weeks ago,cut_sandstone,oxidized_copper,terracotta,shroomlight,stripped_birch_log,prismarine_bricks
234,23037,12,3,2 weeks ago,brown_mushroom_block,bee_nest,yellow_glazed_terracotta,dark_prismarine,oxidized_cut_copper,moss_block
235,23036,12,3,2 weeks ago,melon,dark_oak_planks,stripped_dark_oak_log,shroomlight,moss_block,note_block
236,23035,12,0,2 weeks ago,quartz_pillar,polished_diorite,polished_granite,spruce_planks,deepslate,deepslate_bricks
237,23034,12,1,2 weeks ago,respawn_anchor,yellow_glazed_terracotta,cracked_polished_blackstone_bricks,gilded_blackstone,warped_stem,smithing_table
238,23033,12,1,2 weeks ago,mossy_stone_bricks,polished_diorite,smooth_basalt,smooth_stone,deepslate_tiles,amethyst_block
239,23032,12,4,2 weeks ago,mossy_stone_bricks,polished_diorite,polished_basalt,smooth_stone,deepslate_tiles,amethyst_block
240,23031,12,1,2 weeks ago,stone,stone_bricks,calcite,basalt,deepslate_bricks,netherrack
241,23030,12,2,2 weeks ago,stone_bricks,polished_basalt,chiseled_stone_bricks,smooth_stone,crimson_planks,nether_bricks
242,23029,12,1,2 weeks ago,stripped_spruce_log,white_wool,stone_bricks,birch_planks,deepslate_tiles,cyan_wool
243,23028,12,1,2 weeks ago,stripped_spruce_log,smooth_sandstone,stone_bricks,dark_oak_planks,white_wool,red_wool
244,23027,12,2,2 weeks ago,diorite,polished_diorite,warped_planks,amethyst_block,polished_deepslate,acacia_planks
245,23026,12,0,2 weeks ago,spruce_log,smooth_stone,birch_planks,white_stained_glass,polished_andesite,polished_deepslate
246,23025,12,0,2 weeks ago,green_terracotta,cyan_terracotta,purple_terracotta,gray_terracotta,light_gray_terracotta,terracotta
247,23024,12,2,2 weeks ago,blackstone,cyan_terracotta,deepslate_tiles,basalt,dark_oak_log,light_blue_terracotta
248,23023,12,2,2 weeks ago,bookshelf,stripped_spruce_log,oak_planks,red_wool,spruce_leaves,dark_oak_log
249,23022,12,8,Staff Pick,jungle_planks,green_terracotta,gray_concrete,light_gray_terracotta,stripped_jungle_log,white_stained_glass
250,23021,12,3,2 weeks ago,polished_diorite,diorite,black_stained_glass,polished_deepslate,smooth_stone,furnace
251,23020,12,1,2 weeks ago,deepslate_bricks,dark_oak_log,glowstone,quartz_pillar,quartz_block,red_terracotta
252,23019,13,3,2 weeks ago,flowering_azalea_leaves,acacia_log,acacia_planks,orange_terracotta,moss_block,amethyst_block
253,23018,13,9,2 weeks ago,glowstone,moss_block,stripped_spruce_log,spruce_planks,green_terracotta,barrel
254,23017,13,6,2 weeks ago,polished_deepslate,spruce_planks,dark_oak_log,cracked_deepslate_bricks,deepslate_bricks,brown_concrete
255,23016,13,2,2 weeks ago,stripped_spruce_log,oxidized_cut_copper,deepslate_bricks,moss_block,amethyst_block,stripped_dark_oak_log
256,23015,13,0,2 weeks ago,cobbled_deepslate,diorite,dirt,spruce_log,shroomlight,deepslate_tiles
257,23014,13,8,2 weeks ago,jungle_log,flowering_azalea_leaves,spruce_planks,moss_block,green_stained_glass,barrel
258,23013,13,1,2 weeks ago,green_concrete,red_sandstone,black_stained_glass,spruce_log,dark_oak_planks,red_sand
259,23012,13,0,2 weeks ago,warped_nylium,polished_diorite,exposed_cut_copper,dried_kelp,cut_red_sandstone,gray_glazed_terracotta
260,23011,13,2,2 weeks ago,brown_wool,brown_mushroom_block,dark_oak_planks,barrel,white_wool,moss_block
261,23010,13,8,2 weeks ago,red_wool,red_mushroom_block,dark_oak_planks,barrel,white_wool,moss_block
262,23009,13,1,2 weeks ago,spruce_log,dark_oak_log,red_terracotta,stone_bricks,deepslate_bricks,white_terracotta
263,23008,13,1,2 weeks ago,stone_bricks,basalt,deepslate_bricks,mossy_stone_bricks,andesite,gray_concrete_powder
264,23007,13,0,2 weeks ago,sea_lantern,birch_planks,light_gray_concrete,stripped_spruce_log,white_concrete,quartz_pillar
265,23006,13,1,2 weeks ago,green_terracotta,spruce_planks,bricks,smooth_sandstone,stripped_spruce_log,stone_bricks
266,23005,13,1,2 weeks ago,granite,polished_andesite,oak_log,white_terracotta,gray_stained_glass,spruce_log
267,23004,13,5,2 weeks ago,crimson_stem,red_nether_bricks,obsidian,red_stained_glass,black_glazed_terracotta,blackstone
268,23003,13,1,2 weeks ago,mushroom_stem,mushroom_block,light_gray_terracotta,red_mushroom_block,brown_terracotta,brown_mushroom_block
269,23002,13,5,2 weeks ago,amethyst_block,purple_stained_glass,dark_oak_log,white_concrete_powder,cracked_deepslate_tiles,calcite
270,23001,13,1,2 weeks ago,acacia_log,cut_copper,acacia_planks,deepslate_bricks,oxidized_cut_copper,stone
271,23000,13,2,2 weeks ago,gold_block,polished_blackstone_bricks,quartz_pillar,redstone_lamp,dark_oak_planks,gilded_blackstone
272,22999,13,7,2 weeks ago,oxidized_copper,stripped_warped_stem,sea_lantern,polished_deepslate,deepslate_tiles,polished_blackstone
273,22998,14,6,2 weeks ago,moss_block,stripped_oak_log,stripped_birch_log,spruce_log,dark_oak_planks,deepslate_bricks
274,22997,14,3,2 weeks ago,dark_oak_planks,purple_terracotta,exposed_copper,warped_stem,amethyst_block,spruce_log
275,22996,14,3,2 weeks ago,orange_terracotta,smooth_sandstone,red_sandstone,light_gray_stained_glass,stone_bricks,copper_block
276,22995,14,0,2 weeks ago,amethyst_block,cobbled_deepslate,spruce_log,dark_oak_planks,exposed_cut_copper,light_blue_terracotta
277,22994,14,0,2 weeks ago,bricks,stripped_dark_oak_log,stripped_oak_log,terracotta,yellow_terracotta,oak_planks
278,22993,14,3,2 weeks ago,cut_copper,bricks,polished_granite,iron_block,white_stained_glass,glowstone
279,22992,14,5,2 weeks ago,diorite,spruce_planks,stripped_spruce_log,calcite,polished_diorite,barrel
280,22991,14,3,2 weeks ago,dark_prismarine,stripped_dark_oak_log,spruce_planks,quartz_block,stone_bricks,stone
281,22990,14,2,2 weeks ago,dark_oak_planks,light_blue_stained_glass,chiseled_quartz_block,quartz_pillar,white_terracotta,mossy_cobblestone
282,22989,14,3,2 weeks ago,deepslate_tiles,gilded_blackstone,polished_basalt,iron_bars,deepslate_bricks,chiseled_polished_blackstone
283,22988,14,4,2 weeks ago,deepslate_bricks,oak_log,redstone_lamp,oak_planks,polished_deepslate,deepslate_tiles
284,22987,14,0,2 weeks ago,cobblestone,moss_block,stripped_dark_oak_log,stripped_acacia_log,spruce_planks,mossy_cobblestone
285,22986,14,3,2 weeks ago,pink_stained_glass,birch_log,pink_concrete,birch_planks,pink_wool,stripped_crimson_stem
286,22985,14,2,2 weeks ago,blue_concrete_powder,spruce_planks,white_concrete,barrel,spruce_log,blue_wool
287,22984,14,8,2 weeks ago,cyan_concrete,spruce_log,barrel,spruce_planks,brown_glazed_terracotta,cyan_concrete_powder
288,22983,14,1,2 weeks ago,mushroom_stem,quartz_pillar,bone_block,cracked_nether_bricks,smooth_sandstone,cut_sandstone
289,22982,14,2,2 weeks ago,deepslate_tiles,crimson_planks,warped_stem,prismarine_bricks,blue_terracotta,black_concrete
290,22981,14,1,2 weeks ago,acacia_log,diorite,polished_granite,acacia_leaves,cobblestone,polished_diorite
291,22980,14,2,2 weeks ago,red_concrete,red_glazed_terracotta,bricks,fletching,birch_planks,red_terracotta
292,22979,14,4,2 weeks ago,amethyst_block,calcite,dark_oak_planks,deepslate_tiles,deepslate_bricks,stripped_spruce_log
293,22978,14,0,2 weeks ago,red_nether_bricks,fire_coral_block,birch_planks,red_terracotta,fletching,nether_wart_block
294,22977,15,3,2 weeks ago,oxidized_cut_copper,stripped_oak_log,stripped_spruce_log,azalea_leaves,stone_bricks,spruce_planks
295,22976,15,4,2 weeks ago,magenta_concrete,flowering_azalea_leaves,magenta_stained_glass,melon,bubble_coral_block,spruce_log
296,22975,15,9,2 weeks ago,light_blue_terracotta,purple_stained_glass,purple_glazed_terracotta,crying_obsidian,amethyst_block,obsidian
297,22974,15,37,Staff Pick,polished_basalt,cyan_terracotta,cyan_glazed_terracotta,polished_deepslate,stripped_warped_stem,diamond_block
298,22973,15,13,2 weeks ago,moss_block,stripped_spruce_log,mossy_cobblestone,green_terracotta,birch_planks,brown_mushroom_block
299,22972,15,6,2 weeks ago,black_stained_glass,polished_blackstone_bricks,gilded_blackstone,calcite,crying_obsidian,obsidian
300,22971,15,3,2 weeks ago,deepslate_tiles,acacia_log,calcite,white_stained_glass,stripped_dark_oak_log,tuff
301,22970,15,2,2 weeks ago,stripped_spruce_log,red_mushroom_block,spruce_planks,mushroom_stem,red_concrete,green_concrete
302,22969,15,5,2 weeks ago,nether_bricks,stripped_spruce_log,spruce_planks,stripped_warped_stem,warped_planks,spruce_log
303,22968,15,2,2 weeks ago,pink_wool,packed_ice,chiseled_quartz_block,quartz_pillar,pink_stained_glass,mossy_cobblestone
304,22967,15,1,2 weeks ago,cut_sandstone,white_terracotta,stripped_birch_log,stone_bricks,sandstone,nether_bricks
305,22966,15,36,Staff Pick,amethyst_block,quartz_pillar,purpur_block,white_terracotta,white_stained_glass,purple_stained_glass
306,22965,15,4,2 weeks ago,quartz_bricks,smooth_sandstone,birch_planks,white_stained_glass,green_wool,moss_block
307,22964,15,0,2 weeks ago,quartz_block,birch_planks,stripped_birch_log,mushroom_stem,honey_block,oak_planks
308,22963,15,1,2 weeks ago,polished_deepslate,acacia_log,deepslate_bricks,oxidized_copper,shroomlight,acacia_planks
309,22962,15,7,2 weeks ago,moss_block,stripped_jungle_log,green_terracotta,stripped_spruce_log,white_terracotta,mossy_cobblestone
310,22961,15,1,3 weeks ago,purpur_block,calcite,amethyst_block,moss_block,pink_concrete_powder,oxidized_cut_copper
311,22960,15,4,3 weeks ago,purpur_block,amethyst_block,calcite,moss_block,pink_concrete_powder,prismarine
312,22959,15,0,3 weeks ago,orange_concrete,orange_wool,orange_concrete_powder,oak_planks,spruce_planks,glass
313,22958,15,5,3 weeks ago,deepslate,calcite,polished_diorite,barrel,polished_basalt,blackstone
314,22957,15,0,3 weeks ago,stone_bricks,birch_planks,white_stained_glass,smooth_stone,spruce_log,weathered_copper
315,22956,16,2,3 weeks ago,acacia_log,acacia_leaves,acacia_planks,amethyst_block,andesite,azalea_leaves
316,22955,16,2,3 weeks ago,bricks,terracotta,mushroom_stem,jungle_planks,stripped_jungle_log,brown_mushroom_block
317,22954,16,7,3 weeks ago,gray_stained_glass,stripped_oak_log,oak_planks,polished_deepslate,gray_terracotta,barrel
318,22953,16,5,3 weeks ago,quartz_block,quartz_bricks,chiseled_quartz_block,polished_basalt,polished_deepslate,deepslate_tiles
319,22952,16,2,3 weeks ago,spruce_planks,stone_bricks,dark_prismarine,quartz_block,oak_leaves,light_gray_stained_glass
320,22951,16,1,3 weeks ago,oak_log,white_wool,bricks,mossy_stone_bricks,crimson_planks,spruce_planks
321,22950,16,0,3 weeks ago,mossy_stone_bricks,crimson_planks,spruce_planks,oak_log,white_wool,bricks
322,22949,16,2,3 weeks ago,spruce_planks,stripped_birch_log,oak_leaves,stone_bricks,smooth_sandstone,polished_andesite
323,22948,16,3,3 weeks ago,spruce_planks,light_gray_terracotta,mossy_cobblestone,dark_oak_log,stripped_dark_oak_log,stone_bricks
324,22947,16,2,3 weeks ago,spruce_planks,oak_planks,oak_log,white_wool,cobblestone,stone_bricks
325,22946,16,3,3 weeks ago,stripped_crimson_stem,magenta_terracotta,exposed_cut_copper,redstone_lamp,quartz_block,stone_bricks
326,22945,16,4,3 weeks ago,smooth_stone,deepslate_bricks,spruce_log,deepslate_tiles,stripped_warped_stem,white_stained_glass
327,22944,16,7,3 weeks ago,spruce_log,dark_oak_planks,smooth_stone,stone_bricks,mossy_stone_bricks,mossy_cobblestone
328,22943,16,3,3 weeks ago,sea_lantern,quartz_bricks,sandstone,acacia_log,birch_planks,oxidized_copper
329,22942,16,0,3 weeks ago,black_concrete,gray_concrete,polished_diorite,dark_oak_log,spruce_planks,quartz_block
330,22941,16,2,3 weeks ago,bricks,stripped_jungle_log,cut_copper,quartz_block,quartz_pillar,moss_block
331,22940,16,0,3 weeks ago,stripped_spruce_log,calcite,oxidized_cut_copper,black_concrete,white_concrete,cobblestone
332,22939,16,0,3 weeks ago,azalea_leaves,calcite,dried_kelp,dirt,cobblestone,sandstone
333,22938,16,8,3 weeks ago,green_wool,dark_oak_planks,flowering_azalea_leaves,white_concrete,deepslate,calcite
334,22937,16,4,3 weeks ago,warped_stem,blackstone,warped_wart_block,warped_planks,crimson_planks,stripped_warped_stem
335,22936,16,10,3 weeks ago,netherite_block,purple_wool,amethyst_block,polished_basalt,blackstone,stone_bricks
336,22935,17,20,Staff Pick,stripped_birch_log,yellow_terracotta,bricks,oak_planks,terracotta,shroomlight
337,22934,17,6,3 weeks ago,stripped_acacia_log,stripped_jungle_log,terracotta,orange_terracotta,polished_granite,brown_mushroom_block
338,22933,17,2,3 weeks ago,oxidized_cut_copper,stripped_spruce_log,deepslate_bricks,blue_terracotta,spruce_planks,glass
339,22932,17,4,3 weeks ago,bookshelf,beehive_top,azalea_leaves,lime_terracotta,glowstone,soul_soil
340,22931,17,1,3 weeks ago,flowering_azalea_leaves,yellow_terracotta,bookshelf,soul_soil,pink_terracotta,beehive_top
341,22930,17,2,3 weeks ago,end_stone_bricks,pink_wool,chiseled_quartz_block,orange_wool,pink_concrete,pink_glazed_terracotta
342,22929,17,9,3 weeks ago,pink_concrete,crimson_planks,stripped_crimson_stem,flowering_azalea_leaves,birch_planks,acacia_log
343,22928,17,1,3 weeks ago,bricks,bone_block,raw_iron_block,stripped_dark_oak_log,polished_blackstone,exposed_cut_copper
344,22927,17,1,3 weeks ago,bricks,granite,light_gray_stained_glass,dark_prismarine,smooth_sandstone,deepslate_bricks
345,22926,17,2,3 weeks ago,yellow_wool,yellow_terracotta,lime_terracotta,diorite,white_wool,oak_planks
346,22925,17,8,3 weeks ago,azalea_leaves,barrel,spruce_planks,glass,white_stained_glass,calcite
347,22924,17,7,3 weeks ago,red_mushroom_block,stripped_dark_oak_log,stone_bricks,mushroom_stem,oak_leaves,spruce_planks
348,22923,17,4,3 weeks ago,light_blue_concrete,acacia_log,cyan_concrete,acacia_planks,stripped_warped_stem,orange_glazed_terracotta
349,22922,17,3,3 weeks ago,diorite,calcite,oxidized_copper,tuff,deepslate_tiles,stripped_dark_oak_log
350,22921,17,0,3 weeks ago,stripped_dark_oak_log,oak_planks,orange_terracotta,acacia_planks,raw_iron_block,cyan_concrete
351,22920,17,2,3 weeks ago,stripped_spruce_log,pink_stained_glass,stone_bricks,amethyst_block,barrel,spruce_leaves
352,22919,17,1,3 weeks ago,black_terracotta,stripped_acacia_log,stripped_jungle_log,orange_terracotta,stripped_birch_log,stripped_dark_oak_log
353,22918,17,5,3 weeks ago,calcite,oxidized_copper,stripped_dark_oak_log,cobbled_deepslate,dark_prismarine,dark_oak_planks
354,22917,17,1,3 weeks ago,stripped_crimson_stem,pink_stained_glass,flowering_azalea_leaves,amethyst_block,warped_wart_block,pink_wool
355,22916,17,4,3 weeks ago,spruce_log,spruce_planks,spruce_leaves,deepslate_bricks,polished_diorite,chiseled_sandstone
356,22915,17,5,3 weeks ago,spruce_log,dark_oak_planks,stripped_oak_log,spruce_planks,stone_bricks,brown_stained_glass
357,22914,18,2,3 weeks ago,spruce_log,dark_oak_planks,stripped_oak_log,spruce_planks,stripped_crimson_stem,brown_stained_glass
358,22913,18,4,3 weeks ago,flowering_azalea_leaves,dark_oak_log,spruce_planks,white_terracotta,smooth_sandstone,polished_diorite
359,22912,18,1,3 weeks ago,deepslate_tiles,oak_planks,stripped_spruce_log,white_terracotta,spruce_log,white_stained_glass
360,22911,18,6,3 weeks ago,beehive,spruce_log,oak_planks,loom,bricks,smooth_stone
361,22910,18,2,3 weeks ago,stone_bricks,spruce_planks,deepslate_tiles,polished_andesite,andesite,spruce_log
362,22909,18,9,3 weeks ago,red_glazed_terracotta,red_wool,red_concrete,red_terracotta,red_nether_bricks,red_stained_glass
363,22908,18,9,3 weeks ago,deepslate_bricks,polished_deepslate,deepslate,oxidized_cut_copper,stripped_warped_stem,warped_planks
364,22907,18,18,3 weeks ago,quartz_block,gilded_blackstone,raw_gold_block,yellow_glazed_terracotta,polished_blackstone_bricks,quartz_pillar
365,22906,18,15,3 weeks ago,bricks,moss_block,dark_oak_log,dark_oak_planks,red_mushroom_block,mossy_stone_bricks
366,22905,18,15,3 weeks ago,gravel,stone,stone_bricks,andesite,cracked_stone_bricks,dead_brain_coral_block
367,22904,18,3,3 weeks ago,copper_block,exposed_copper,bricks,granite,polished_granite,white_stained_glass
368,22903,18,2,3 weeks ago,raw_iron_block,stripped_jungle_log,terracotta,oak_planks,brown_mushroom_block,smooth_sandstone
369,22902,18,5,3 weeks ago,dark_oak_planks,brown_stained_glass,purple_terracotta,brown_terracotta,spruce_log,crimson_planks
370,22901,18,7,3 weeks ago,yellow_stained_glass,yellow_glazed_terracotta,yellow_concrete,acacia_log,spruce_planks,bone_block
371,22900,18,10,3 weeks ago,diorite,acacia_log,black_stained_glass,stone_bricks,mossy_stone_bricks,azalea_leaves
372,22899,18,11,3 weeks ago,amethyst_block,spruce_log,spruce_planks,purple_concrete,deepslate_bricks,moss_block
373,22898,18,8,3 weeks ago,stone_bricks,spruce_planks,red_wool,polished_andesite,dark_oak_log,redstone_lamp
374,22897,18,2,3 weeks ago,glass,polished_diorite,glowstone,polished_andesite,shroomlight,polished_deepslate
375,22896,18,10,3 weeks ago,honeycomb_block,yellow_concrete,stripped_oak_log,white_stained_glass,spruce_log,spruce_planks
376,22895,18,6,3 weeks ago,yellow_wool,yellow_concrete,yellow_terracotta,yellow_concrete_powder,yellow_glazed_terracotta,spruce_planks
377,22894,18,10,3 weeks ago,amethyst_block,birch_log,oxidized_cut_copper,cyan_concrete_powder,calcite,blue_terracotta
378,22893,19,12,3 weeks ago,spruce_planks,stripped_dark_oak_log,dark_oak_planks,stone_bricks,deepslate_tiles,polished_blackstone_bricks
379,22892,19,11,3 weeks ago,cracked_polished_blackstone_bricks,gilded_blackstone,polished_blackstone_bricks,spruce_log,spruce_planks,barrel
380,22891,19,8,3 weeks ago,amethyst_block,calcite,smooth_basalt,barrel,spruce_log,spruce_planks
381,22890,19,7,3 weeks ago,barrel,spruce_log,spruce_planks,stripped_spruce_log,stone_bricks,dark_prismarine
382,22889,19,2,3 weeks ago,tuff,dark_oak_planks,dark_oak_log,green_wool,bookshelf,glass
383,22888,19,4,3 weeks ago,tuff,stone,mossy_cobblestone,oxidized_cut_copper,warped_wart_block,moss_block
384,22887,19,4,3 weeks ago,light_gray_terracotta,calcite,deepslate_tiles,quartz_block,smooth_stone,white_terracotta
385,22886,19,1,3 weeks ago,white_terracotta,polished_diorite,polished_blackstone,dark_oak_planks,quartz_pillar,nether_bricks
386,22885,19,1,3 weeks ago,calcite,quartz_block,weathered_cut_copper,spruce_log,blue_stained_glass,snow
387,22884,19,9,3 weeks ago,pink_wool,amethyst_block,purpur_block,quartz_pillar,pink_stained_glass,blue_terracotta
388,22883,19,5,3 weeks ago,red_mushroom_block,azalea_leaves,quartz_pillar,stone_bricks,spruce_planks,glowstone
389,22882,19,4,3 weeks ago,acacia_planks,polished_diorite,terracotta,mossy_cobblestone,flowering_azalea_leaves,brown_concrete
390,22881,19,7,3 weeks ago,dark_prismarine,oxidized_cut_copper,stripped_warped_stem,deepslate_tiles,deepslate_bricks,birch_log
391,22880,19,2,3 weeks ago,cobbled_deepslate,orange_terracotta,oxidized_cut_copper,spruce_planks,spruce_log,moss_block
392,22879,19,4,3 weeks ago,acacia_planks,quartz_block,terracotta,orange_stained_glass,sand,red_sand
393,22878,19,8,3 weeks ago,stone,stripped_birch_log,oak_planks,moss_block,oak_log,mossy_stone_bricks
394,22877,19,8,3 weeks ago,deepslate_tiles,acacia_log,mossy_stone_bricks,mossy_cobblestone,quartz_bricks,moss_block
395,22876,19,3,3 weeks ago,stone_bricks,shroomlight,dark_oak_planks,red_terracotta,yellow_terracotta,acacia_log
396,22875,19,12,3 weeks ago,magenta_stained_glass,flowering_azalea_leaves,dark_oak_planks,glowstone,mossy_stone_bricks,moss_block
397,22874,19,1,3 weeks ago,dark_oak_leaves,dark_oak_planks,lapis_block,tuff,glowstone,dark_oak_log
398,22873,19,2,3 weeks ago,cobbled_deepslate,oxidized_cut_copper,diorite,oak_planks,stripped_spruce_log,moss_block
399,22872,20,7,3 weeks ago,diorite,calcite,cyan_stained_glass,polished_diorite,smooth_stone,cyan_terracotta
400,22871,20,7,3 weeks ago,light_blue_terracotta,blue_terracotta,crimson_planks,dark_oak_planks,quartz_bricks,quartz_pillar
401,22870,20,1,3 weeks ago,calcite,dark_oak_log,dark_oak_planks,azalea_leaves,oak_planks,deepslate_bricks
402,22869,20,0,3 weeks ago,terracotta,acacia_planks,basalt,azalea_leaves,amethyst_block,barrel
403,22868,20,1,3 weeks ago,dark_prismarine,oxidized_cut_copper,prismarine,birch_planks,oak_planks,green_concrete_powder
404,22867,20,3,3 weeks ago,nether_bricks,red_nether_bricks,soul_sand,soul_soil,blackstone,dead_brain_coral_block
405,22866,20,15,Staff Pick,composter,gray_stained_glass,azalea_leaves,bone_block,dark_oak_planks,oxidized_copper
406,22865,20,6,3 weeks ago,orange_glazed_terracotta,cyan_concrete,orange_concrete,acacia_planks,stripped_warped_stem,white_concrete_powder
407,22864,20,4,3 weeks ago,prismarine_bricks,diorite,prismarine,orange_glazed_terracotta,light_gray_glazed_terracotta,shroomlight
408,22863,20,6,3 weeks ago,spruce_log,spruce_planks,green_terracotta,cobbled_deepslate,gray_stained_glass,moss_block
409,22862,20,8,3 weeks ago,stripped_oak_log,oak_planks,amethyst_block,birch_planks,light_blue_terracotta,blue_terracotta
410,22861,20,7,4 weeks ago,amethyst_block,deepslate_tiles,quartz_pillar,purpur_pillar,cobbled_deepslate,quartz_block
411,22860,20,10,4 weeks ago,yellow_concrete,light_blue_concrete,gray_stained_glass,gray_glazed_terracotta,white_glazed_terracotta,basalt
412,22859,20,6,4 weeks ago,spruce_log,amethyst_block,cobbled_deepslate,dark_oak_planks,quartz_block,black_stained_glass
413,22858,20,3,4 weeks ago,dark_oak_planks,blackstone,redstone_lamp,spruce_log,deepslate_tiles,purple_stained_glass
414,22857,20,0,4 weeks ago,sandstone,spruce_planks,chiseled_sandstone,deepslate_bricks,glass,spruce_log
415,22856,20,1,4 weeks ago,polished_deepslate,amethyst_block,blue_concrete,spruce_planks,stripped_spruce_log,oak_planks
416,22855,20,1,4 weeks ago,dark_oak_planks,bookshelf,spruce_planks,purple_terracotta,red_glazed_terracotta,dark_oak_log
417,22854,20,33,4 weeks ago,brown_mushroom_block,mushroom_stem,stripped_dark_oak_log,moss_block,dark_oak_planks,gray_stained_glass
418,22853,20,3,4 weeks ago,amethyst_block,spruce_planks,blue_terracotta,spruce_log,blackstone,black_terracotta
419,22852,20,3,4 weeks ago,tuff,stone_bricks,stripped_spruce_log,smooth_stone,spruce_planks,oxidized_cut_copper
420,22851,21,10,4 weeks ago,azalea_leaves,barrel,deepslate,bricks,stripped_spruce_log,cobbled_deepslate
421,22850,21,2,4 weeks ago,dark_oak_log,amethyst_block,bricks,stripped_oak_log,stripped_dark_oak_log,spruce_leaves
422,22849,21,1,4 weeks ago,black_glazed_terracotta,blackstone,red_terracotta,acacia_planks,cracked_deepslate_bricks,white_glazed_terracotta
423,22848,21,0,4 weeks ago,blue_wool,acacia_log,white_concrete,acacia_planks,andesite,cyan_wool
424,22847,21,3,4 weeks ago,red_terracotta,cut_copper,stripped_spruce_log,oak_planks,cobblestone,spruce_planks
425,22846,21,2,4 weeks ago,white_stained_glass,bubble_coral_block,dark_oak_log,magenta_concrete_powder,deepslate_bricks,amethyst_block
426,22845,21,5,4 weeks ago,stripped_birch_log,dark_oak_planks,deepslate_tiles,deepslate_bricks,oxidized_copper,black_concrete_powder
427,22844,21,30,4 weeks ago,mushroom_stem,quartz_block,dark_oak_planks,bone_block,spruce_log,mossy_cobblestone
428,22843,21,8,4 weeks ago,yellow_concrete,spruce_log,spruce_planks,spruce_leaves,stripped_spruce_log,smooth_stone
429,22842,21,3,4 weeks ago,cut_copper,stripped_birch_log,oxidized_cut_copper,dark_oak_planks,moss_block,amethyst_block
430,22841,21,10,4 weeks ago,stripped_birch_log,birch_log,calcite,moss_block,mossy_stone_bricks,stone_bricks
431,22840,21,16,4 weeks ago,red_mushroom_block,red_concrete,dark_oak_planks,red_wool,spruce_log,mossy_cobblestone
432,22839,21,9,4 weeks ago,dripstone_block,spruce_planks,basalt,soul_soil,smooth_basalt,spruce_log
433,22838,21,4,4 weeks ago,mushroom_stem,stripped_birch_log,dark_prismarine,bone_block,birch_planks,dark_oak_planks
434,22837,21,1,4 weeks ago,birch_planks,cyan_stained_glass,gray_stained_glass,stripped_birch_log,amethyst_block,moss_block
435,22836,21,4,4 weeks ago,prismarine_bricks,exposed_copper,cyan_concrete,weathered_copper,warped_planks,stripped_warped_stem
436,22835,21,4,4 weeks ago,orange_concrete,shroomlight,orange_glazed_terracotta,orange_terracotta,acacia_planks,stripped_acacia_log
437,22834,21,56,4 weeks ago,acacia_log,deepslate_tiles,polished_basalt,quartz_bricks,bone_block,light_gray_concrete
438,22833,21,8,4 weeks ago,prismarine,sea_lantern,diamond_ore,quartz_pillar,quartz_block,quartz_bricks
439,22832,21,5,4 weeks ago,birch_log,bricks,birch_planks,granite,smooth_stone,diorite
440,22831,21,3,4 weeks ago,basalt,oxidized_copper,sea_lantern,oak_planks,stripped_birch_log,smooth_sandstone
441,22830,22,2,4 weeks ago,shroomlight,quartz_bricks,warped_planks,cyan_concrete,moss_block,orange_concrete
442,22829,22,0,4 weeks ago,acacia_planks,prismarine_bricks,acacia_log,sea_lantern,deepslate_tiles,birch_planks
443,22828,22,2,4 weeks ago,spruce_planks,dark_oak_log,spruce_log,birch_planks,amethyst_block,stripped_birch_log
444,22827,22,2,4 weeks ago,sea_lantern,polished_deepslate,stripped_spruce_log,spruce_log,cobbled_deepslate,spruce_planks
445,22826,22,12,4 weeks ago,green_terracotta,green_glazed_terracotta,oak_leaves,green_wool,green_concrete_powder,green_concrete
446,22825,22,4,4 weeks ago,birch_log,white_concrete,spruce_planks,diorite,bone_block,stripped_spruce_log
447,22824,22,2,4 weeks ago,quartz_pillar,amethyst_block,bookshelf,light_blue_glazed_terracotta,warped_planks,dark_oak_planks
448,22823,22,16,4 weeks ago,red_nether_bricks,deepslate_tiles,coal_block,black_glazed_terracotta,black_stained_glass,quartz_block
449,22822,22,8,4 weeks ago,stripped_spruce_log,green_terracotta,spruce_planks,cobblestone,gray_stained_glass,spruce_leaves
450,22821,22,4,4 weeks ago,tuff,gravel,andesite,deepslate,smooth_basalt,blackstone
451,22820,22,8,4 weeks ago,stripped_spruce_log,barrel,spruce_log,deepslate_tiles,cobbled_deepslate,deepslate
452,22819,22,9,4 weeks ago,bricks,andesite,gravel,spruce_planks,oak_log,mossy_cobblestone
453,22818,22,5,4 weeks ago,prismarine_bricks,sea_lantern,amethyst_block,deepslate_bricks,black_stained_glass,spruce_log
454,22817,22,5,1 month ago,cobblestone,cobbled_deepslate,dark_oak_log,deepslate_bricks,black_shulker_box,black_stained_glass
455,22816,22,8,1 month ago,oxidized_cut_copper,calcite,spruce_log,barrel,black_stained_glass,dark_oak_planks
456,22815,22,6,1 month ago,red_wool,red_concrete,red_nether_bricks,black_wool,coal_block,black_concrete
457,22814,22,1,1 month ago,acacia_log,stripped_warped_stem,cobbled_deepslate,shroomlight,quartz_block,diorite
458,22813,22,2,1 month ago,stripped_spruce_log,weathered_copper,polished_diorite,stone_bricks,polished_granite,dark_oak_planks
459,22812,22,4,1 month ago,oxidized_cut_copper,quartz_block,spruce_log,spruce_planks,white_concrete_powder,stripped_spruce_log
460,22811,22,13,1 month ago,barrel,spruce_log,stripped_spruce_log,spruce_planks,amethyst_block,polished_blackstone_bricks
461,22810,22,18,1 month ago,cyan_concrete,yellow_terracotta,purple_terracotta,cut_sandstone,stripped_oak_log,azalea_leaves
462,22809,23,5,1 month ago,dark_prismarine,prismarine_bricks,warped_planks,oxidized_cut_copper,oxidized_copper,sea_lantern
463,22808,23,2,1 month ago,white_stained_glass,white_glazed_terracotta,yellow_concrete,light_blue_concrete,birch_planks,light_blue_glazed_terracotta
464,22807,23,5,1 month ago,amethyst_block,polished_blackstone_bricks,calcite,cracked_deepslate_bricks,prismarine_bricks,basalt
465,22806,23,7,1 month ago,snow,calcite,polished_diorite,diorite,polished_andesite,polished_basalt
466,22805,23,12,1 month ago,spruce_log,white_terracotta,moss_block,barrel,redstone_lamp,spruce_planks
467,22804,23,9,1 month ago,spruce_planks,white_terracotta,moss_block,dark_oak_log,mossy_cobblestone,barrel
468,22803,23,11,1 month ago,spruce_planks,green_terracotta,mossy_cobblestone,moss_block,dark_oak_log,barrel
469,22802,23,2,1 month ago,light_blue_concrete,light_blue_stained_glass,pink_shulker_box,yellow_terracotta,honeycomb_block,pink_glazed_terracotta
470,22801,23,0,1 month ago,blue_glazed_terracotta,lapis_block,light_blue_concrete,chiseled_quartz_block,polished_andesite,chiseled_deepslate
471,22800,23,4,1 month ago,yellow_concrete,jungle_log,stripped_jungle_log,flowering_azalea_leaves,jungle_planks,magenta_terracotta
472,22799,23,2,1 month ago,amethyst_block,furnace,dark_oak_log,dark_oak_planks,blast_furnace,purple_wool
473,22798,23,8,1 month ago,mossy_cobblestone,moss_block,barrel,oak_log,smoker,oak_planks
474,22797,23,3,1 month ago,purpur_block,polished_diorite,polished_andesite,diorite,mossy_stone_bricks,polished_blackstone
475,22796,23,1,1 month ago,cobbled_deepslate,stripped_oak_log,oak_log,diorite,cobblestone,calcite
476,22795,23,1,1 month ago,red_sandstone,shroomlight,birch_planks,yellow_terracotta,yellow_wool,yellow_concrete
477,22794,23,8,1 month ago,green_terracotta,stripped_spruce_log,amethyst_block,dark_oak_planks,calcite,barrel
478,22793,23,0,1 month ago,blue_wool,dark_oak_log,dark_oak_planks,acacia_log,acacia_planks,lapis_block
479,22792,23,2,1 month ago,quartz_block,pink_glazed_terracotta,light_gray_wool,nether_bricks,pink_concrete,magenta_terracotta
480,22791,23,3,1 month ago,deepslate_bricks,oxidized_copper,orange_stained_glass,polished_deepslate,warped_planks,cut_copper
481,22790,23,1,1 month ago,bone_block,prismarine_bricks,raw_copper_block,orange_glazed_terracotta,warped_planks,mushroom_stem
482,22789,23,0,1 month ago,oxidized_copper,copper_block,polished_blackstone_bricks,stone_bricks,stone,deepslate_bricks
483,22788,24,7,1 month ago,calcite,stone_bricks,deepslate_bricks,mossy_cobblestone,cobblestone,cobbled_deepslate
484,22787,24,2,1 month ago,stripped_dark_oak_log,basalt,cobbled_deepslate,stripped_spruce_log,terracotta,polished_granite
485,22786,24,12,1 month ago,flowering_azalea_leaves,spruce_planks,green_concrete,stripped_oak_log,oak_log,honeycomb_block
486,22785,24,10,1 month ago,spruce_planks,flowering_azalea_leaves,stripped_spruce_log,mossy_stone_bricks,moss_block,mossy_cobblestone
487,22784,24,3,1 month ago,target,hay_block,spruce_planks,stripped_oak_log,barrel,chiseled_stone_bricks
488,22783,24,11,1 month ago,spruce_log,dark_oak_planks,polished_andesite,spruce_planks,azalea_leaves,barrel
489,22782,24,0,1 month ago,acacia_log,birch_planks,deepslate_tiles,acacia_planks,dripstone_block,stone
490,22781,24,8,1 month ago,barrel,stripped_spruce_log,spruce_planks,cobbled_deepslate,diorite,deepslate_tiles
491,22780,24,1,1 month ago,oxidized_cut_copper,jungle_planks,stripped_jungle_log,spruce_planks,moss_block,brown_terracotta
492,22779,24,3,1 month ago,clay,crimson_stem,ancient_debris,black_wool,chiseled_polished_blackstone,black_glazed_terracotta
493,22778,24,2,1 month ago,basalt,blackstone,cobbled_deepslate,polished_basalt,sea_lantern,calcite
494,22777,24,10,1 month ago,moss_block,deepslate_bricks,deepslate_tiles,dark_oak_log,spruce_planks,spruce_log
495,22776,24,2,1 month ago,bone_block,pink_stained_glass,brain_coral_block,dead_horn_coral_block,pink_terracotta,stripped_crimson_stem
496,22775,24,0,1 month ago,gray_terracotta,blackstone,polished_deepslate,redstone_ore,mushroom_stem,white_concrete_powder
497,22774,24,1,1 month ago,weathered_copper,stripped_spruce_log,stripped_warped_stem,moss_block,spruce_log,deepslate_tiles
498,22773,24,3,1 month ago,jungle_planks,stripped_jungle_log,jungle_log,weathered_copper,polished_granite,lime_terracotta
499,22772,24,3,1 month ago,stone,red_concrete,quartz_block,dark_oak_leaves,cobbled_deepslate,cobblestone
500,22771,24,8,1 month ago,red_concrete,red_mushroom_block,mushroom_stem,cobblestone,moss_block,spruce_log
501,22770,24,2,1 month ago,granite,spruce_log,white_terracotta,dark_oak_planks,brown_concrete,barrel
502,22769,24,8,1 month ago,dark_prismarine,acacia_log,azalea_leaves,weathered_copper,mossy_cobblestone,moss_block
503,22768,24,3,1 month ago,acacia_planks,bricks,carved_pumpkin,red_sand,terracotta,yellow_terracotta
504,22767,25,5,1 month ago,mushroom_stem,pink_stained_glass,quartz_bricks,pink_glazed_terracotta,smooth_stone,quartz_pillar
505,22766,25,3,1 month ago,brown_glazed_terracotta,quartz_block,spruce_log,white_stained_glass,stripped_dark_oak_log,glowstone
506,22765,25,3,1 month ago,jungle_planks,cut_copper,pink_stained_glass,white_terracotta,pink_concrete,stripped_acacia_log
507,22764,25,4,1 month ago,stripped_oak_log,red_concrete,green_concrete,moss_block,oak_planks,oak_log
508,22763,25,3,1 month ago,tuff,stone,andesite,diorite,calcite,amethyst_block
509,22762,25,1,1 month ago,deepslate_tiles,warped_wart_block,gold_block,warped_stem,polished_basalt,gilded_blackstone
510,22761,25,6,1 month ago,spruce_leaves,spruce_log,spruce_planks,barrel,deepslate_tiles,gravel
511,22760,25,4,1 month ago,dried_kelp,mushroom_stem,dark_prismarine,deepslate_tiles,sea_lantern,warped_planks
512,22759,25,1,1 month ago,white_concrete,gray_concrete,light_blue_stained_glass,sea_lantern,light_gray_concrete,light_blue_concrete
513,22758,25,0,1 month ago,glowstone,dark_prismarine,blackstone,honey_block,cyan_stained_glass,polished_blackstone_bricks
514,22757,25,5,1 month ago,polished_andesite,stone,andesite,gravel,cobblestone,mossy_cobblestone
515,22756,25,2,1 month ago,pink_terracotta,magenta_terracotta,stripped_crimson_stem,stripped_oak_log,acacia_log,jungle_planks
516,22755,25,2,1 month ago,jungle_planks,acacia_log,green_concrete,green_terracotta,lime_terracotta,stripped_oak_log
517,22754,25,18,1 month ago,cyan_concrete,light_blue_terracotta,acacia_log,jungle_planks,stripped_warped_stem,bone_block
518,22753,25,11,1 month ago,terracotta,red_concrete,red_terracotta,acacia_log,jungle_planks,bone_block
519,22752,25,1,1 month ago,dark_oak_planks,stripped_dark_oak_log,oak_planks,deepslate_bricks,bricks,birch_planks
520,22751,25,6,1 month ago,flowering_azalea_leaves,azalea_leaves,green_concrete_powder,spruce_log,dark_oak_planks,stripped_dark_oak_log
521,22750,25,5,1 month ago,stripped_birch_log,moss_block,cobblestone,barrel,oak_planks,deepslate_tiles
522,22749,25,3,1 month ago,stripped_dark_oak_log,cyan_stained_glass,white_concrete,dark_oak_planks,stone_bricks,cyan_concrete
523,22748,25,3,1 month ago,white_terracotta,redstone_lamp,dark_oak_planks,bricks,cracked_deepslate_bricks,deepslate_bricks
524,22747,25,0,1 month ago,redstone_block,quartz_block,emerald_block,gold_block,polished_deepslate,gilded_blackstone
525,22746,26,2,1 month ago,green_wool,lime_terracotta,green_concrete_powder,mossy_cobblestone,oak_log,hay_block
526,22745,26,5,1 month ago,flowering_azalea_leaves,moss_block,spruce_planks,magenta_terracotta,barrel,spruce_log
527,22744,26,1,1 month ago,prismarine_bricks,stripped_acacia_log,prismarine,dark_prismarine,orange_glazed_terracotta,warped_stem
528,22743,26,7,1 month ago,bricks,granite,polished_granite,stripped_spruce_log,spruce_planks,oak_log
529,22742,26,4,1 month ago,oak_log,spruce_planks,stripped_spruce_log,pink_concrete_powder,quartz_bricks,pink_wool
530,22741,26,5,1 month ago,oxidized_copper,polished_deepslate,red_nether_bricks,black_glazed_terracotta,warped_nylium,warped_planks
531,22740,26,0,1 month ago,spruce_log,warped_planks,stripped_warped_stem,cyan_stained_glass,stone_bricks,sea_lantern
532,22739,26,1,1 month ago,polished_andesite,polished_granite,sea_lantern,prismarine,stone_bricks,cobblestone
533,22738,26,1,1 month ago,white_concrete,cyan_stained_glass,moss_block,cyan_terracotta,sea_lantern,oxidized_cut_copper
534,22737,26,6,1 month ago,oxidized_copper,calcite,spruce_planks,cobbled_deepslate,cobblestone,dark_oak_log
535,22736,26,12,1 month ago,spruce_log,moss_block,deepslate_tiles,tuff,mossy_cobblestone,mossy_stone_bricks
536,22735,26,1,1 month ago,mushroom_stem,light_blue_terracotta,magenta_terracotta,shroomlight,quartz_block,flowering_azalea_leaves
537,22734,26,8,1 month ago,gold_block,yellow_wool,bee_nest,beehive,loom,jungle_planks
538,22733,26,3,1 month ago,stripped_spruce_log,snow,spruce_planks,spruce_log,stone_bricks,moss_block
539,22732,26,1,1 month ago,calcite,iron_block,sea_lantern,polished_diorite,blast_furnace,spruce_log
540,22731,26,2,1 month ago,flowering_azalea_leaves,sea_lantern,blackstone,moss_block,polished_basalt,basalt
541,22730,26,1,1 month ago,tube_coral_block,stripped_warped_stem,oxidized_copper,azalea_leaves,moss_block,mossy_stone_bricks
542,22729,26,2,1 month ago,azalea_leaves,sandstone,sand,acacia_planks,stripped_acacia_log,granite
543,22728,26,3,1 month ago,red_sand,red_sandstone,orange_terracotta,spruce_planks,stripped_spruce_log,oak_log
544,22727,26,3,1 month ago,magma,stone_bricks,smooth_stone,warped_planks,polished_blackstone_bricks,quartz_block
545,22726,26,7,1 month ago,flowering_azalea_leaves,barrel,stripped_spruce_log,moss_block,magenta_terracotta,spruce_planks
546,22725,27,0,1 month ago,end_stone_bricks,moss_block,mossy_stone_bricks,dark_oak_planks,shroomlight,magenta_concrete
547,22724,27,2,1 month ago,white_concrete,gray_concrete,glass,spruce_planks,red_wool,sea_lantern
548,22723,27,2,1 month ago,diorite,calcite,stripped_oak_log,andesite,moss_block,spruce_planks
549,22722,27,1,1 month ago,yellow_wool,cobblestone,jungle_planks,oak_planks,terracotta,white_wool
550,22721,27,1,1 month ago,cut_copper,stone_bricks,spruce_log,spruce_planks,azalea_leaves,flowering_azalea_leaves
551,22720,27,3,1 month ago,white_terracotta,flowering_azalea_leaves,pink_terracotta,dark_oak_log,quartz_bricks,glass
552,22719,27,10,1 month ago,red_mushroom_block,spruce_planks,mossy_stone_bricks,flowering_azalea_leaves,quartz_bricks,stripped_spruce_log
553,22718,27,2,1 month ago,stripped_acacia_log,acacia_planks,orange_terracotta,green_concrete,dark_oak_leaves,stone_bricks
554,22717,27,1,1 month ago,basalt,andesite,black_concrete_powder,cracked_deepslate_tiles,dead_fire_coral_block,gravel
555,22716,27,0,1 month ago,oak_log,gray_wool,azalea_leaves,birch_planks,light_gray_wool,deepslate_tiles
556,22715,27,1,1 month ago,dark_oak_planks,nether_bricks,quartz_pillar,spruce_leaves,deepslate_bricks,stripped_dark_oak_log
557,22714,27,10,1 month ago,jungle_log,moss_block,jungle_planks,deepslate,orange_terracotta,green_concrete
558,22713,27,0,1 month ago,blue_wool,brown_shulker_box,ancient_debris,lapis_block,blue_shulker_box,brown_wool
559,22712,27,2,1 month ago,white_stained_glass,quartz_block,redstone_lamp,white_concrete,gray_concrete,black_concrete
560,22711,27,9,1 month ago,moss_block,mossy_cobblestone,mossy_stone_bricks,cobblestone,cracked_stone_bricks,green_concrete_powder
561,22710,27,0,1 month ago,birch_planks,dripstone_block,granite,jungle_leaves,oak_log,yellow_terracotta
562,22709,27,8,1 month ago,red_mushroom_block,mushroom_stem,cobblestone,red_concrete,spruce_log,moss_block
563,22708,27,0,1 month ago,deepslate_tiles,quartz_pillar,oxidized_cut_copper,sea_lantern,copper_block,amethyst_block
564,22707,27,2,1 month ago,deepslate,deepslate_bricks,stripped_jungle_log,jungle_planks,mossy_stone_bricks,dripstone_block
565,22706,27,2,1 month ago,acacia_leaves,azalea_leaves,flowering_azalea_leaves,jungle_leaves,spruce_planks,oak_log
566,22705,27,6,1 month ago,green_terracotta,mossy_stone_bricks,green_stained_glass,jungle_planks,terracotta,stripped_jungle_log
567,22704,28,1,1 month ago,cyan_wool,deepslate_bricks,spruce_planks,stripped_birch_log,cyan_glazed_terracotta,white_stained_glass
568,22703,28,4,1 month ago,tuff,birch_planks,granite,birch_log,bricks,stripped_birch_log
569,22702,28,47,1 month ago,white_concrete,green_terracotta,bone_block,green_glazed_terracotta,quartz_pillar,birch_planks
570,22701,28,10,1 month ago,green_concrete,spruce_log,cobblestone,stripped_spruce_log,red_mushroom_block,spruce_planks
571,22700,28,3,1 month ago,green_concrete,jungle_leaves,mossy_stone_bricks,mossy_cobblestone,jungle_log,lime_terracotta
572,22699,28,2,1 month ago,magenta_terracotta,bone_block,nether_bricks,jungle_planks,stripped_crimson_stem,white_terracotta
573,22698,28,2,1 month ago,dark_oak_planks,blue_concrete_powder,gray_terracotta,blue_stained_glass,soul_soil,white_terracotta
574,22697,28,0,1 month ago,gray_terracotta,terracotta,dark_oak_log,soul_sand,iron_bars,jungle_planks
575,22696,28,8,1 month ago,yellow_terracotta,gold_block,redstone_lamp,cracked_polished_blackstone_bricks,gilded_blackstone,raw_gold_block
576,22695,28,12,1 month ago,flowering_azalea_leaves,mossy_cobblestone,moss_block,barrel,mossy_stone_bricks,spruce_log
577,22694,28,2,1 month ago,blue_ice,calcite,packed_ice,spruce_planks,stone_bricks,stripped_spruce_log
578,22693,28,5,1 month ago,red_terracotta,oak_planks,bricks,stripped_oak_log,red_stained_glass,stripped_spruce_log
579,22692,28,21,1 month ago,stripped_oak_log,stripped_dark_oak_log,spruce_planks,brown_wool,jungle_planks,oak_log
580,22691,28,1,1 month ago,stripped_jungle_log,mushroom_block,stripped_birch_log,tuff,piston,cobbled_deepslate
581,22690,28,1,1 month ago,calcite,acacia_planks,cut_copper,tuff,cobbled_deepslate,dark_oak_log
582,22689,28,7,1 month ago,mossy_cobblestone,moss_block,flowering_azalea_leaves,tuff,oak_log,spruce_planks
583,22688,28,3,1 month ago,mossy_cobblestone,moss_block,flowering_azalea_leaves,tuff,oak_log,lime_terracotta
584,22687,28,2,1 month ago,white_terracotta,stripped_birch_log,white_wool,spruce_log,bricks,mossy_cobblestone
585,22686,28,5,1 month ago,spruce_log,crimson_planks,magenta_terracotta,pink_concrete,flowering_azalea_leaves,quartz_bricks
586,22685,28,2,1 month ago,purpur_pillar,pink_wool,prismarine,ice,stripped_birch_log,mushroom_stem
587,22684,28,4,1 month ago,stone_bricks,dark_oak_planks,warped_stem,brown_terracotta,polished_blackstone_bricks,blue_terracotta
588,22683,29,3,1 month ago,mossy_cobblestone,stripped_crimson_stem,flowering_azalea_leaves,white_wool,birch_planks,red_mushroom_block
589,22682,29,5,1 month ago,brown_terracotta,stripped_dark_oak_log,cobbled_deepslate,mossy_cobblestone,green_terracotta,moss_block
590,22681,29,3,1 month ago,spruce_planks,bricks,red_terracotta,hay_block,mossy_cobblestone,white_concrete
591,22680,29,2,1 month ago,spruce_planks,yellow_terracotta,yellow_concrete,honeycomb_block,stripped_birch_log,white_stained_glass
592,22679,29,3,1 month ago,light_blue_wool,diamond_block,light_blue_shulker_box,white_glazed_terracotta,honey_block,honeycomb_block
593,22678,29,2,1 month ago,red_mushroom_block,redstone_block,crimson_nylium_side,red_glazed_terracotta,red_concrete_powder,red_shulker_box
594,22677,29,3,1 month ago,green_wool,mossy_cobblestone,cobblestone,moss_block,azalea_leaves,stone
595,22676,29,1,1 month ago,quartz_block,magenta_terracotta,stone,acacia_log,white_concrete,dark_oak_planks
596,22675,29,1,1 month ago,stone_bricks,white_wool,bricks,spruce_log,flowering_azalea_leaves,birch_log
597,22674,29,4,1 month ago,oak_log,white_wool,spruce_planks,mossy_stone_bricks,flowering_azalea_leaves,crimson_planks
598,22673,29,3,1 month ago,stripped_birch_log,birch_planks,yellow_concrete,mossy_cobblestone,flowering_azalea_leaves,dark_oak_planks
599,22672,29,3,1 month ago,stone_bricks,azalea_leaves,bricks,spruce_log,white_wool,birch_log
600,22671,29,1,1 month ago,red_nether_bricks,crimson_stem,crimson_planks,orange_concrete,yellow_concrete,shroomlight
601,22670,29,5,1 month ago,cobbled_deepslate,tuff,cobblestone,spruce_planks,barrel,oxidized_copper
602,22669,29,1,1 month ago,stripped_spruce_log,dark_oak_planks,smooth_sandstone,oxidized_copper,stone_bricks,spruce_planks
603,22668,29,5,1 month ago,flowering_azalea_leaves,barrel,green_concrete,bone_block,moss_block,brown_stained_glass
604,22667,29,2,1 month ago,quartz_block,chiseled_quartz_block,quartz_pillar,sea_lantern,light_blue_concrete,blue_glazed_terracotta
605,22666,29,0,1 month ago,birch_log,granite,stripped_birch_log,jungle_planks,oxidized_copper,smooth_sandstone
606,22665,29,3,1 month ago,diorite,amethyst_block,tuff,calcite,birch_planks,purple_stained_glass
607,22664,29,1,1 month ago,sandstone,polished_granite,dripstone_block,stripped_jungle_log,quartz_pillar,bricks
608,22663,29,2,1 month ago,acacia_planks,terracotta,stripped_acacia_log,acacia_log,quartz_bricks,white_stained_glass
609,22662,30,2,1 month ago,stripped_spruce_log,stone_bricks,smooth_sandstone,cobblestone,acacia_planks,stripped_acacia_log
610,22661,30,7,1 month ago,gold_block,quartz_bricks,black_stained_glass,quartz_pillar,gilded_blackstone,chiseled_quartz_block
611,22660,30,2,1 month ago,stripped_birch_log,white_terracotta,stripped_dark_oak_log,stone,deepslate_bricks,spruce_planks
612,22659,30,8,1 month ago,amethyst_block,purpur_block,purple_stained_glass,calcite,stone_bricks,birch_log
613,22658,30,2,1 month ago,bricks,spruce_planks,cobblestone,polished_granite,oak_log,brown_mushroom_block
614,22657,30,3,1 month ago,acacia_log,yellow_terracotta,acacia_planks,red_terracotta,stripped_acacia_log,cobblestone
615,22656,30,3,1 month ago,dark_prismarine,dark_oak_planks,warped_planks,light_gray_wool,cyan_terracotta,gray_wool
616,22655,30,2,1 month ago,spruce_planks,mossy_stone_bricks,stone,purple_stained_glass,calcite,stripped_dark_oak_log
617,22654,30,3,1 month ago,spruce_log,spruce_planks,gilded_blackstone,deepslate_tiles,tuff,stripped_spruce_log
618,22653,30,4,1 month ago,deepslate_tiles,deepslate_bricks,dark_oak_log,blue_terracotta,blue_stained_glass,dark_oak_planks
619,22652,30,1,1 month ago,spruce_log,white_terracotta,birch_planks,oak_planks,stone_bricks,redstone_lamp
620,22651,30,4,1 month ago,polished_blackstone,prismarine_bricks,sea_lantern,quartz_block,dark_prismarine,polished_blackstone_bricks
621,22650,30,2,1 month ago,pink_stained_glass,birch_log,pink_concrete,birch_planks,brain_coral_block,stripped_crimson_stem
622,22649,30,0,1 month ago,oak_leaves,brown_wool,oak_log,dark_oak_log,stripped_oak_log,mossy_cobblestone
623,22648,30,2,1 month ago,azalea_leaves,flowering_azalea_leaves,birch_planks,oxidized_cut_copper,deepslate_tiles,stripped_spruce_log
624,22647,30,5,1 month ago,oxidized_copper,oxidized_cut_copper,spruce_planks,deepslate_tiles,deepslate_bricks,stripped_spruce_log
625,22646,30,0,1 month ago,purple_wool,amethyst_block,glowstone,black_wool,dark_oak_log,black_terracotta
626,22645,30,0,1 month ago,honeycomb_block,spruce_planks,oak_planks,crimson_planks,stripped_birch_log,blue_ice
627,22644,30,1,1 month ago,oxidized_cut_copper,spruce_log,quartz_pillar,crying_obsidian,black_stained_glass,polished_blackstone_bricks
628,22643,30,4,1 month ago,calcite,stone_bricks,warped_planks,bone_block,deepslate_bricks,dark_oak_planks
629,22642,30,8,1 month ago,tuff,green_terracotta,dark_oak_planks,deepslate_tiles,spruce_log,moss_block
